{
	"credit": "Made with Blockbench",
	"textures": {
		"5": "ae2:block/chest/front_item",
		"up": "ae2:block/chest/top",
		"down": "ae2:block/chest/bottom",
		"north": "ae2:block/chest/front",
		"particle": "ae2:block/chest/side",
		"east": "ae2:block/chest/side"
	},
	"elements": [
		{
			"from": [0, 0, 0],
			"to": [16, 16, 16],
			"faces": {
				"north": {"uv": [0, 0, 16, 16], "texture": "#north"},
				"east": {"uv": [0, 0, 16, 16], "texture": "#east"},
				"south": {"uv": [0, 0, 16, 16], "texture": "#east"},
				"west": {"uv": [0, 0, 16, 16], "texture": "#east"},
				"up": {"uv": [0, 0, 16, 16], "texture": "#up"},
				"down": {"uv": [0, 0, 16, 16], "texture": "#down"}
			}
		},
		{
			"from": [5, 3, 0],
			"to": [11, 4, 1],
			"faces": {
				"up": {"uv": [5, 12, 11, 13], "texture": "#north"}
			}
		},
		{
			"from": [4, 4, 0],
			"to": [5, 7, 1],
			"faces": {
				"east": {"uv": [11, 9, 12, 12], "texture": "#north"}
			}
		},
		{
			"from": [11, 4, 0],
			"to": [12, 7, 1],
			"faces": {
				"west": {"uv": [4, 9, 5, 12], "texture": "#north"}
			}
		},
		{
			"from": [5, 7, 0],
			"to": [11, 8, 1],
			"faces": {
				"down": {"uv": [5, 8, 11, 9], "rotation": 180, "texture": "#north"}
			}
		},
		{
			"from": [5, 4, 1],
			"to": [11, 7, 3],
			"faces": {
				"north": {"uv": [5, 9, 11, 12], "texture": "#5"}
			}
		}
	]
}